cdr3_amino_acid,v_gene,j_gene,read_count
CGVRECYNEQEAGCA,TRBV28,TRBJ2-7,1817
CDQETQTGQMICVCA,TRBV28,TRBJ2-1,1781
CSREWGKRICIIFKLP,TRBV5-1,TRBJ2-3,1746
CLSMDYNEQCETCA,TRBV27,TRBJ1-2,1681
CFYTYLVGDVFKETA,TRBV20-1,TRBJ1-1,1629
CAEDLSCTIFVSLS,TRBV27,TRBJ1-2,1572
CECEAECDCFFKLAS,TRBV20-1,TRBJ1-6,1514
CRQCEAREICLTFGH,TRBV20-1,TRBJ1-3,1267
CRDVYKLCCKCFGVND,TRBV28,TRBJ2-1,1215
CCSNYYLFISICRLMS,TRBV28,TRBJ2-5,1193
CASVFASNLIHASTD,TRBV5-1,TRBJ1-6,1038
CCRCQFIRQDISLA,TRBV6-5,TRBJ2-7,708
CLLQCIFTVARAVC,TRBV28,TRBJ1-6,667
CMCMCSGIFTEIQCI,TRBV5-1,TRBJ1-5,262
CFTSDDYKIDDIAVYLFG,TRBV30,TRBJ1-3,100
CPGSCMNLYVCSIGTV,TRBV6-5,TRBJ2-7,98
CCYVDFQIAYCQNKLR,TRBV28,TRBJ1-5,97
CCQKYCCKDYRDCCSSR,TRBV27,TRBJ1-5,97
CCASFIEVKCQPQASYSK,TRBV20-1,TRBJ1-5,95
CACSEDKVGRITAD,TRBV24-1,TRBJ2-7,94
CPPLEQEYNEQNGLTIDK,TRBV12-3,TRBJ1-1,93
CCNKACSCGVC,TRBV5-1,TRBJ2-2,92
CQKCNYPDLM,TRBV12-3,TRBJ2-1,92
CDLCHCACPTGELGCG,TRBV4-1,TRBJ1-1,91
CCIGIVRRGCQKA,TRBV24-1,TRBJ1-3,91
CFLVFRVNETQVFAQFQ,TRBV28,TRBJ1-2,91
CKFASFIHAIGELLCELI,TRBV14,TRBJ2-7,90
CSDQGIFVTCMARGLAS,TRBV20-1,TRBJ1-5,90
CLRISGGVLCECKCAIQ,TRBV7-2,TRBJ1-5,89
CEAVAGCINNLKLSQVTS,TRBV28,TRBJ1-6,89
CCIMTAYFILCAANS,TRBV30,TRBJ1-2,89
CFAQETQEATICPCN,TRBV6-5,TRBJ1-5,87
CVTLQETQAAGWKCMG,TRBV9,TRBJ1-6,86
CRAEDKCCYEFCC,TRBV4-1,TRBJ2-2,86
CLSQKSVCTCPSLIIGA,TRBV29-1,TRBJ1-2,86
CQNLNIPYCHEAVILL,TRBV13-2,TRBJ2-3,86
CELLCAYNEQIK,TRBV5-1,TRBJ1-3,85
CWKTTLVAGLACTVIRFF,TRBV20-1,TRBJ1-6,84
CANFADGACTYEA,TRBV29-1,TRBJ2-5,81
CTQITWGALYACYIGT,TRBV7-2,TRBJ2-7,80
CASYYYYNEQSDNKECEN,TRBV20-1,TRBJ2-3,79
CGSAQETQYCA,TRBV27,TRBJ2-3,79
CYGTASSFVYVGIC,TRBV24-1,TRBJ2-2,78
CPIDLVSCKNYMVLY,TRBV12-3,TRBJ2-5,78
CHIFDTDTKRLQ,TRBV7-2,TRBJ1-2,78
CNGYGAMRCHQTQNDL,TRBV6-5,TRBJ1-3,77
CSECSGYHYCNPFDRIG,TRBV5-1,TRBJ1-6,76
CCCCACRLNL,TRBV13-2,TRBJ1-2,75
CLCAGCIFCRCASINPL,TRBV28,TRBJ1-3,73
CLDYAMGYDSR,TRBV13-2,TRBJ1-2,73
CAATDTGYLKAIATV,TRBV30,TRBJ2-2,71
CGIILGKFGWCLYE,TRBV27,TRBJ1-2,70
CPYCCHFKAA,TRBV24-1,TRBJ2-2,70
CILQEAGAEHYR,TRBV27,TRBJ2-5,69
CLFVLSTGKCK,TRBV9,TRBJ2-7,69
CCYCGCGELNYVIH,TRBV30,TRBJ2-5,69
CLSIANTASS,TRBV28,TRBJ1-3,66
CVRFTDVTFKTVV,TRBV29-1,TRBJ1-6,66
CVSLSSGAQTQLLADCI,TRBV11-2,TRBJ2-1,66
CISQNFLLKDLSQV,TRBV9,TRBJ2-2,66
CARSCVCTFCECTECCFY,TRBV28,TRBJ2-2,65
CHWKCESWCLR,TRBV6-5,TRBJ2-3,64
CITYTYCKKRFIIGHSM,TRBV14,TRBJ2-7,63
CVLLLLKSTV,TRBV30,TRBJ2-2,62
CGRSECTEGKMCIECFI,TRBV13-2,TRBJ2-7,61
CGLVTILAVKDVCNCTND,TRBV6-5,TRBJ1-1,60
CVSINCEEYILQEF,TRBV30,TRBJ2-2,59
CLMFAVYCGSLCLSSV,TRBV11-2,TRBJ1-3,58
CHLCKATNTQTTAVFGC,TRBV20-1,TRBJ1-5,58
CCKWQCSALLC,TRBV27,TRBJ2-5,56
CKAQYCTYGFLPCITVP,TRBV28,TRBJ2-2,54
CCGVRSCQETQKNC,TRBV13-2,TRBJ1-1,53
CFALGCDCSCSLETCR,TRBV14,TRBJ2-5,53
CVVCQSVEPCSVGRVF,TRBV29-1,TRBJ1-6,53
CGQSVGCGCNLTCK,TRBV11-2,TRBJ1-6,53
CNEKNILVYYCI,TRBV14,TRBJ1-6,52
CNVCLWNLVATRFKEAF,TRBV29-1,TRBJ1-3,51
CCGTSRKCLTDKYRAQ,TRBV27,TRBJ2-5,51
CGSGGRVQRC,TRBV11-2,TRBJ2-2,50
CRGVNGDLACCCDVA,TRBV28,TRBJ1-2,46
CCGVTILSGGSI,TRBV5-1,TRBJ2-5,46
CCHSLHCVNFLAK,TRBV9,TRBJ2-5,45
CRISGGGSQV,TRBV20-1,TRBJ1-2,42
CCAECWFCYFVEKVLPDA,TRBV4-1,TRBJ1-1,40
CRKWRYLLPGRK,TRBV11-2,TRBJ1-1,40
CNPDPPEIKYCTAF,TRBV7-2,TRBJ2-1,38
CSPRCNLSGLSC,TRBV14,TRBJ2-5,37
CLPYASSCAYCC,TRBV5-1,TRBJ1-3,37
CALLISLLLM,TRBV13-2,TRBJ1-1,36
CKGECSVQQCYSR,TRBV29-1,TRBJ1-6,36
CLCMARQETQTVKDG,TRBV9,TRBJ1-1,35
CTYNEQAFPHCA,TRBV4-1,TRBJ1-1,34
CRVVCGHFECVC,TRBV24-1,TRBJ2-1,32
CGGTAVESCTY,TRBV28,TRBJ2-2,32
CMLPTGDFNCF,TRBV30,TRBJ2-7,32
CQFSIYDQELIL,TRBV24-1,TRBJ2-7,31
CPQSLAYIRYAA,TRBV9,TRBJ2-7,30
CCLHMSGIGVESVAWAAT,TRBV28,TRBJ1-6,30
CAFSDANISCKYGYTDRS,TRBV12-3,TRBJ2-2,30
CYYIALVNSYSVCCK,TRBV6-5,TRBJ2-5,29
CNRYCMCQGHIGITA,TRBV6-5,TRBJ1-3,29
CNQVINSNYGELVNM,TRBV5-1,TRBJ1-2,28
CLRYADGPAY,TRBV13-2,TRBJ1-1,27
CTCIKFVATC,TRBV13-2,TRBJ2-2,27
CCGLHGVAGGT,TRBV24-1,TRBJ2-7,26
CHCGICCNRDGNFSDLTF,TRBV5-1,TRBJ2-2,26
CPCACQKIHREGCCR,TRBV11-2,TRBJ2-7,25
CLWIAFWQTLKILP,TRBV28,TRBJ2-5,23
CFKTDCCRCKVLAVSR,TRBV20-1,TRBJ2-2,23
CCQGKFTQMQCMCLQQS,TRBV28,TRBJ1-6,23
CDKYCLCEAG,TRBV27,TRBJ2-7,22
CGESKLEHVQ,TRBV12-3,TRBJ1-6,21
CYCRRCVGGVCKD,TRBV4-1,TRBJ1-6,21
CICTFMSTETGTKI,TRBV9,TRBJ2-2,20
CCKYLYHRTGVDRCFSVV,TRBV13-2,TRBJ1-5,15
CICICFARLCVCDFGDC,TRBV27,TRBJ1-3,15
CIASSKVII,TRBV29-1,TRBJ1-1,15
CCLCYCNCLARQI,TRBV28,TRBJ2-1,15
CDICTCCPY,TRBV27,TRBJ1-5,15
CCKVPMSCGASSACY,TRBV27,TRBJ2-2,15
CVGELNRVWCLE,TRBV13-2,TRBJ2-1,15
CGGELIEAFG,TRBV9,TRBJ2-7,15
CAYNEQCDKLFNDYGK,TRBV12-3,TRBJ2-1,15
CTIKGELGRNVYFCE,TRBV27,TRBJ2-1,15
CTEQWCFQGE,TRBV6-5,TRBJ2-5,15
CCRCLYSHLLGKIYCVE,TRBV27,TRBJ2-2,15
CLNLDKDNTCMEN,TRBV9,TRBJ2-2,15
CYLCKCGCYCFPL,TRBV28,TRBJ2-2,15
CVDIERCT,TRBV20-1,TRBJ1-3,15
CRSTMNLM,TRBV20-1,TRBJ2-7,15
CKASSEVCLAFLS,TRBV7-2,TRBJ2-7,15
CMDYNECIDLYKAVRYDAL,TRBV24-1,TRBJ2-3,15
CLKMICCFGFSLGCQCQSRR,TRBV5-1,TRBJ1-5,15
CLKMHDAIKLYAASSEIS,TRBV28,TRBJ1-3,15
CCGCICQETQCFPTVYTFYV,TRBV27,TRBJ1-2,15
CICYAANCQACCPPSAEIS,TRBV6-5,TRBJ2-7,15
CDSGELNGFTGDTLW,TRBV13-2,TRBJ2-2,15
CCGSSGGECV,TRBV6-5,TRBJ2-2,15
CCAQSPKN,TRBV6-5,TRBJ1-1,15
CIIFLCLTGEAC,TRBV14,TRBJ1-6,15
CAPDFCTDTTGSLFY,TRBV4-1,TRBJ1-5,15
CVGLCFCCNKCVDRVRCDC,TRBV5-1,TRBJ1-1,15
CMEQHCCKSYNGDCC,TRBV6-5,TRBJ2-2,15
CCKKVSADAHYTAEA,TRBV11-2,TRBJ2-5,15
CAIYLGTMCSDIMLGI,TRBV4-1,TRBJ1-6,15
CIIECCGALSNRAGN,TRBV4-1,TRBJ1-5,15
CCLCSCRIFCTCCATENL,TRBV7-2,TRBJ1-1,15
CPSCCATLTACCDNF,TRBV27,TRBJ2-1,15
CGCGELRCCC,TRBV20-1,TRBJ1-2,15
CQHCVKTDPQASSINDNC,TRBV29-1,TRBJ2-2,15
CRSCCCKF,TRBV9,TRBJ1-3,15
CRRKCVAGQCFAH,TRBV13-2,TRBJ1-5,15
CTMIQYTSGNC,TRBV27,TRBJ2-1,15
CLQNIIEGGELLKAEFINQF,TRBV29-1,TRBJ2-3,15
CCSSGEIESSCNVQAN,TRBV5-1,TRBJ2-3,15
CLINLDCKNGL,TRBV20-1,TRBJ2-1,15
CSVLFCVIQETQACICICIL,TRBV4-1,TRBJ1-3,15
CTIRCAEQKSCCNG,TRBV20-1,TRBJ2-1,15
CRPESIIE,TRBV5-1,TRBJ2-5,15
CLWGGHLQSFQCD,TRBV14,TRBJ1-1,15
CICAGSGGCYNSGVFYG,TRBV24-1,TRBJ1-6,14
CLYVLLCLK,TRBV6-5,TRBJ1-1,14
CLCSGGSTCVNEIICDG,TRBV6-5,TRBJ1-5,14
CMVIGIGELLCKCWF,TRBV29-1,TRBJ1-6,14
CRSASSIRCTSDCKC,TRBV20-1,TRBJ2-1,14
CAYNEVCESY,TRBV28,TRBJ1-1,14
CAFCLFSCW,TRBV24-1,TRBJ1-3,14
CCVAPFIC,TRBV4-1,TRBJ1-6,14
CSEVILSGCKPIISS,TRBV27,TRBJ1-2,14
CTMQAVAGTII,TRBV4-1,TRBJ2-2,14
CMSSGGGVNDGA,TRBV4-1,TRBJ2-7,14
CMGVKCQYILYGEGICKTCQ,TRBV7-2,TRBJ1-1,14
CLHMCFLGCFAGQL,TRBV29-1,TRBJ1-1,14
CNCRNLCDYS,TRBV14,TRBJ1-3,14
CIDYTEFCTVC,TRBV29-1,TRBJ2-7,14
CCGGAGEHTVASSGRT,TRBV27,TRBJ2-7,14
CYFTCCYLVACCCVSLG,TRBV6-5,TRBJ2-7,14
CMELLGKC,TRBV4-1,TRBJ1-6,14
CYITSIFYKGAGELNCC,TRBV11-2,TRBJ1-1,14
CPCFAAGWRTKF,TRBV7-2,TRBJ2-7,14
CHTEVIAA,TRBV9,TRBJ2-1,14
CGASSQYAC,TRBV5-1,TRBJ2-2,14
CSNNACFPIQ,TRBV27,TRBJ2-7,14
CSSLVSHGCLD,TRBV29-1,TRBJ1-2,14
CDGSCFSGGICFCYSK,TRBV20-1,TRBJ2-2,14
CAITSGIL,TRBV24-1,TRBJ1-1,14
CLTTGELHCAQNRCYVTAM,TRBV20-1,TRBJ2-7,14
CCQETQSIICTSID,TRBV14,TRBJ2-1,14
CMDVAGEVFAYY,TRBV29-1,TRBJ2-7,14
CPGSGWEGELAS,TRBV11-2,TRBJ1-6,14
CNSVLCLIWCCAEL,TRBV20-1,TRBJ2-7,14
CLFTVVIGC,TRBV27,TRBJ2-1,14
CIDKLSCFKYGIHPANS,TRBV30,TRBJ1-3,14
CEGTDLTA,TRBV29-1,TRBJ2-1,14
CCGELRCCCCCCLAHVAM,TRBV9,TRBJ2-5,14
CDRCDNCCYKLEARQN,TRBV11-2,TRBJ2-5,14
CALDKIVITYIV,TRBV11-2,TRBJ2-3,14
CCCNFCCRLFTDTSC,TRBV7-2,TRBJ2-7,14
CCYCVISLGAVQDPQCKAI,TRBV5-1,TRBJ1-3,14
CGSIFCVQFCYLRECPVLT,TRBV4-1,TRBJ1-3,14
CFCNKGIYARSKTGITFRD,TRBV14,TRBJ2-5,14
CCCRDYVAGKQ,TRBV13-2,TRBJ1-6,14
CNGCFKLFRASYIFNQFGGC,TRBV7-2,TRBJ1-6,14
CQCCYLQCAQLGACSFGE,TRBV14,TRBJ2-1,14
CCYCMLSLGHAD,TRBV6-5,TRBJ2-2,14
CIYNEQRGT,TRBV13-2,TRBJ2-3,14
CTCTCRAETRL,TRBV30,TRBJ1-3,14
CGVNSSLYGKLEIGVFT,TRBV7-2,TRBJ1-2,14
CQTGCCACFQAF,TRBV14,TRBJ1-6,14
CSFKVRCFGELTTKT,TRBV11-2,TRBJ1-5,13
CSHEKKGMIAHCAL,TRBV4-1,TRBJ2-7,13
CTLKDHTDTFYIIHVTC,TRBV9,TRBJ1-5,13
CECGRYCEVALGLVQCIK,TRBV29-1,TRBJ1-1,13
CGDFQKTC,TRBV4-1,TRBJ2-1,13
CAVANLDFNCHYCCCSG,TRBV20-1,TRBJ2-7,13
CFLSGGSNCATGGV,TRBV4-1,TRBJ1-1,13
CVGRKYVICRQETQCFCE,TRBV14,TRBJ2-5,13
CCFCLTMF,TRBV7-2,TRBJ2-7,13
CFIGTGKVVTG,TRBV5-1,TRBJ2-2,13
CCCCCLAL,TRBV20-1,TRBJ1-2,13
CAPRRCFKICQHRFVISS,TRBV29-1,TRBJ2-2,13
CCTCTFGTDTGTGCYC,TRBV11-2,TRBJ1-1,13
CLNAKILDTPAIA,TRBV12-3,TRBJ2-1,13
CKNCWTIVVCYGTGN,TRBV30,TRBJ2-1,13
CAGICAMIEQCERHKGAT,TRBV27,TRBJ2-2,13
CIVSDLAGYCCYVINTLH,TRBV5-1,TRBJ1-3,13
CLLAVCCG,TRBV6-5,TRBJ1-6,13
CPVGVQYNEQCHRL,TRBV14,TRBJ1-2,13
CNCVWQETQRLGSC,TRBV11-2,TRBJ2-1,13
CYAGYCARCGGCTSMCD,TRBV30,TRBJ1-1,13
CVGKGAGCRRWYLAMQTC,TRBV5-1,TRBJ2-1,13
CVAKDTDKNTAQKCLCSES,TRBV27,TRBJ2-5,13
CCIALCSGGTDTGCCTL,TRBV9,TRBJ1-6,13
CLMMTQETQAVTE,TRBV12-3,TRBJ2-3,13
CTCCTLWMAACWEQPYRV,TRBV13-2,TRBJ1-1,13
CCDFCSCNCGGQCYFNKEI,TRBV29-1,TRBJ2-1,13
CVVACCLCYMPACLAEGFC,TRBV24-1,TRBJ1-2,13
CFRLQVGGKCRCQGTHVAA,TRBV28,TRBJ1-2,13
CYGDQEVCSQIVH,TRBV28,TRBJ1-1,13
CCNCESQPKLDPCSLEIA,TRBV7-2,TRBJ1-6,13
CSHNLAAEQCCA,TRBV4-1,TRBJ2-1,13
CFDCNIRC,TRBV7-2,TRBJ1-2,13
CVMVAGSKLD,TRBV14,TRBJ2-7,13
CDEFELLR,TRBV20-1,TRBJ1-1,13
CCACFSTAPCAACFYCKYHR,TRBV24-1,TRBJ1-1,13
CFCDEHCF,TRBV7-2,TRBJ1-2,13
CCTLCSSMKWT,TRBV30,TRBJ2-1,13
CKRLAINAAKHQCGWDF,TRBV11-2,TRBJ1-3,13
CSAGTREFNQEFFFSSSY,TRBV6-5,TRBJ2-2,13
CRRVMYSGGACIAIA,TRBV13-2,TRBJ1-1,13
CRNMFNSF,TRBV27,TRBJ1-2,13
CCKFKNIFG,TRBV11-2,TRBJ1-5,13
CYCPSNYGSCDL,TRBV12-3,TRBJ1-1,13
CLVFFDSVTETLKPE,TRBV4-1,TRBJ2-3,13
CQVYFQMLEFHIMATCQV,TRBV11-2,TRBJ2-1,13
CLISQFSWLGIVKCHQFFEA,TRBV13-2,TRBJ2-2,12
CGVLCCCCNIMGMA,TRBV7-2,TRBJ1-3,12
CACAGCGMGELYI,TRBV27,TRBJ1-6,12
CAITDTECKNAPEFIKGCN,TRBV14,TRBJ2-7,12
CSDGMTWDSENRCFSCF,TRBV29-1,TRBJ2-5,12
CICKTGCALTCVCCR,TRBV24-1,TRBJ1-6,12
CYSMFCCPFGTGELGISY,TRBV13-2,TRBJ1-5,12
CCFMRDQDASSCAPQRKIQ,TRBV24-1,TRBJ1-3,12
CHCLHSFIDYVIIDC,TRBV4-1,TRBJ1-6,12
CKSGGDGLY,TRBV5-1,TRBJ1-5,12
CCCTGELAKRQK,TRBV28,TRBJ1-5,12
CAGCAKMYLN,TRBV24-1,TRBJ1-5,12
CKTTEPDALLCCRLKNQC,TRBV5-1,TRBJ1-2,12
CKYMCCFMCVKCCYEGA,TRBV6-5,TRBJ1-3,12
CCVIEPWALHYPEK,TRBV5-1,TRBJ1-3,12
CCSPFEQAQKCCVFGICN,TRBV30,TRBJ1-5,12
CHSILYKLTC,TRBV6-5,TRBJ1-2,12
CTFWGRTKGMIGLAVRCS,TRBV13-2,TRBJ1-1,12
CNQETQEGTYCHGQSND,TRBV11-2,TRBJ1-1,12
CVIPTKFCTTC,TRBV24-1,TRBJ1-3,12
CHRALFCRNIRYGAQ,TRBV14,TRBJ1-5,12
CQLTSVVECIFCCCFKVF,TRBV20-1,TRBJ1-1,12
CPVQDYNQFFL,TRBV29-1,TRBJ1-5,12
CAYSTTTVCL,TRBV28,TRBJ1-2,12
CILTDTKAP,TRBV29-1,TRBJ1-6,12
CECVLAGELDDFYDCCG,TRBV20-1,TRBJ2-2,12
CEDVCGVATDTNRATE,TRBV9,TRBJ1-5,12
CISGVIVASCLKNR,TRBV30,TRBJ2-1,12
CLMHWECLCTNTVALI,TRBV28,TRBJ1-5,12
CTTLMFSFPYQCYNEQCCLI,TRBV27,TRBJ2-7,12
CTWILGGCCCTGTAPFFL,TRBV4-1,TRBJ2-7,12
CCSDTGWQ,TRBV24-1,TRBJ2-1,12
CCLCACISCFRC,TRBV30,TRBJ1-6,12
CFCLLCRAL,TRBV7-2,TRBJ1-2,12
CCQETQSDTSGKKTVGV,TRBV30,TRBJ2-5,11
CAFTDTHDML,TRBV11-2,TRBJ1-5,11
CKSHAWYNEQAA,TRBV14,TRBJ1-5,11
CPCGETICQH,TRBV14,TRBJ1-1,11
CDKCTLFDSKCCCNLGID,TRBV14,TRBJ1-2,11
CCFSGGVGK,TRBV28,TRBJ1-3,11
CTISYLIRTCEGVSSYSGG,TRBV14,TRBJ1-5,11
CIAERCSGGPM,TRBV24-1,TRBJ2-7,11
CCFECFLGAGELCAIG,TRBV9,TRBJ1-6,11
CLCAMITGHCPVAGRC,TRBV20-1,TRBJ2-3,11
CLSSGEGELPSRPNC,TRBV13-2,TRBJ1-3,11
CEKFTVWE,TRBV9,TRBJ1-6,11
CGTVLSYSI,TRBV29-1,TRBJ1-5,11
CVYSLYTSRCTDK,TRBV14,TRBJ1-6,11
CIIFAYSL,TRBV27,TRBJ1-5,11
CHLCVSFLCGAQVAGCFF,TRBV14,TRBJ1-1,11
CTWADIYDT,TRBV9,TRBJ2-7,11
CACKHGICTTCLFTCCW,TRBV14,TRBJ1-5,11
CFIDPLAR,TRBV12-3,TRBJ2-7,11
CRLCSRLCGTYALHDGEAQY,TRBV20-1,TRBJ1-1,11
CILCCTVEPENS,TRBV7-2,TRBJ1-3,11
CCNTSCKANAAL,TRBV5-1,TRBJ2-3,11
CCLLLTCCGTS,TRBV28,TRBJ2-7,11
CGYVCCMKCPITKCLFC,TRBV12-3,TRBJ1-3,11
CTVFIFMG,TRBV11-2,TRBJ1-2,11
CCTDTCCSYWDSSPYIS,TRBV24-1,TRBJ2-3,11
CDSGGLQKDH,TRBV11-2,TRBJ1-2,11
CNRCVYGQ,TRBV29-1,TRBJ1-2,11
CGEHTDTPAC,TRBV11-2,TRBJ1-6,11
CLVEHSGGATCC,TRBV4-1,TRBJ2-3,11
CYDCAKNLLGCTSVRG,TRBV20-1,TRBJ2-3,11
CRACIINQSCLM,TRBV14,TRBJ1-1,11
CAIAAACGLGCPCC,TRBV4-1,TRBJ2-5,11
CCTSACRCNCVALTCKT,TRBV28,TRBJ2-5,11
CACAAKCSDSIGK,TRBV5-1,TRBJ1-5,11
CRDIVVYTCADRGA,TRBV20-1,TRBJ1-5,11
CQAFGIVADRCNTQS,TRBV12-3,TRBJ2-2,11
CEISGGDIG,TRBV13-2,TRBJ2-3,11
CDCNCCCCCC,TRBV6-5,TRBJ2-1,11
CRRSRATDTSWEGCLLGGAL,TRBV30,TRBJ1-2,11
CCKLTRSATCHIP,TRBV13-2,TRBJ1-2,11
CRLFKCLYKIQIKYAG,TRBV29-1,TRBJ1-6,11
CNCTVAFLG,TRBV4-1,TRBJ1-1,11
CDGGSLTCVQNVAGECA,TRBV5-1,TRBJ1-5,11
CCQETQCKVSL,TRBV13-2,TRBJ1-6,11
CCVHAGGELLLKSFT,TRBV24-1,TRBJ2-7,10
CQAAAIWKLCSAS,TRBV11-2,TRBJ2-2,10
CQCASCYVINDDDMCCTS,TRBV28,TRBJ2-7,10
CYTQETQRS,TRBV12-3,TRBJ2-1,10
CTGELISEY,TRBV28,TRBJ1-5,10
CIVSARRGSATHVC,TRBV9,TRBJ1-3,10
CVVGELGCHCCMVLGY,TRBV9,TRBJ1-1,10
CVLGFHPLQCQILVTYLRL,TRBV7-2,TRBJ1-5,10
CDNVWAIE,TRBV14,TRBJ1-5,10
CCRFLCSAVLPERCVYG,TRBV27,TRBJ2-7,10
CYYTISIKRVT,TRBV11-2,TRBJ2-5,10
CCLKPTCYAYSNAERYLQCV,TRBV27,TRBJ1-5,10
CCEWQETQCCCCMLRRVGV,TRBV11-2,TRBJ2-7,10
CAMRICVLSLNVCR,TRBV12-3,TRBJ1-1,10
CRLQNCLYNELC,TRBV5-1,TRBJ2-7,10
CPTSFYTNYNEQDRFSIMGT,TRBV12-3,TRBJ1-1,10
CVGCCFGCAEA,TRBV6-5,TRBJ1-3,10
CATGANDCSGGEE,TRBV30,TRBJ1-5,10
CAYFEFQETQAIRVE,TRBV6-5,TRBJ1-1,10
CCVLGELKF,TRBV5-1,TRBJ1-3,10
CESYNEQKIC,TRBV5-1,TRBJ2-7,10
CMVMTCNGVMLQA,TRBV12-3,TRBJ2-2,10
CYASSRQGCHSSLG,TRBV20-1,TRBJ1-3,10
CSMAFCCN,TRBV5-1,TRBJ2-1,10
CLNCSRTRYCQLKSSN,TRBV14,TRBJ1-3,10
CSCNLCVNEN,TRBV28,TRBJ2-5,10
CELATDTTIANG,TRBV13-2,TRBJ1-6,10
CCASMSCSCACQ,TRBV13-2,TRBJ1-5,10
CKCRAYNSGGALAI,TRBV9,TRBJ2-5,10
CYCCESYDPQSLLCGWHN,TRBV29-1,TRBJ1-1,10
CACAHFFYTLITCQC,TRBV20-1,TRBJ2-2,10
CDVERILNN,TRBV4-1,TRBJ2-3,10
CHCSLIMNIMFT,TRBV4-1,TRBJ1-6,10
CYHLSWDV,TRBV30,TRBJ2-3,10
CCATCCEDLEC,TRBV29-1,TRBJ1-3,10
CYVAGLSLEVGIY,TRBV9,TRBJ2-2,10
CGKRTYICRTGGCG,TRBV6-5,TRBJ1-1,10
CKDILQAATIYNGGCI,TRBV13-2,TRBJ1-1,10
CLHYTLGDCNESKNCCA,TRBV5-1,TRBJ2-7,10
CCYWAVILTARSHC,TRBV11-2,TRBJ1-1,10
CYIKKVKSTDTCQFTP,TRBV7-2,TRBJ1-3,10
CCFTAGQVFR,TRBV4-1,TRBJ1-5,10
CNTQSASFCFIFA,TRBV4-1,TRBJ2-5,10
CRREINLFMRF,TRBV5-1,TRBJ1-3,10
CEADGCACAYGFEQLGA,TRBV27,TRBJ2-3,9
CLCASTSCYHHFVAIH,TRBV24-1,TRBJ2-5,9
CCCAGACYTTCTVAVG,TRBV11-2,TRBJ2-5,9
CPKTPANIEFCFMAL,TRBV27,TRBJ1-1,9
CSCCQTNKIR,TRBV11-2,TRBJ1-5,9
CEKFCLCI,TRBV24-1,TRBJ1-1,9
CYVLCLRHWQACVAGLAT,TRBV13-2,TRBJ2-3,9
CFILYNEQTCEVLGEFTK,TRBV5-1,TRBJ1-5,9
CKLKCSLVILNV,TRBV30,TRBJ2-1,9
CGYACAGGCFILTFVKAPEN,TRBV4-1,TRBJ1-1,9
CTYTCIMY,TRBV5-1,TRBJ2-7,9
CTEKKCLYELDGKYCFFFLL,TRBV14,TRBJ2-1,9
CVGNDGSSGDKLV,TRBV30,TRBJ2-5,9
CGCSTSTMNSCLCLFCF,TRBV9,TRBJ1-2,9
CQFKAVPE,TRBV13-2,TRBJ1-5,9
CCNSSRFHALQLCCCQCE,TRBV9,TRBJ1-6,9
CNTFTDTVWTISTRTFA,TRBV24-1,TRBJ1-5,9
CKVNIMNPSGCVDASSVC,TRBV9,TRBJ1-3,9
CGTVVLCFCKVCFYCCIGSC,TRBV5-1,TRBJ2-2,9
CFCGEFGIRYC,TRBV13-2,TRBJ1-6,9
CAAILASSEATMAF,TRBV20-1,TRBJ2-2,9
CTECGVCSGEWFCHLHGFSR,TRBV27,TRBJ1-5,9
CSCGCNTEIG,TRBV6-5,TRBJ2-7,9
CLCKGRGDYDGCPH,TRBV28,TRBJ1-1,9
CCNTKCQIH,TRBV14,TRBJ2-3,9
CYCTVNFMVHFYLTHQNKFA,TRBV24-1,TRBJ1-5,9
CNCPKSGLTL,TRBV9,TRBJ2-1,9
CKCTDTQDNQISIGFRACA,TRBV7-2,TRBJ2-7,9
CIGDSSTGYSGGQGCILINL,TRBV12-3,TRBJ1-1,9
CGSYNEQCAMMLL,TRBV6-5,TRBJ1-3,9
CKVVKGYTIYA,TRBV9,TRBJ2-5,9
CGPQQFALQ,TRBV27,TRBJ2-3,9
CFGRRGFMCGY,TRBV30,TRBJ2-3,9
CCCLGAIVKSFAISRQQS,TRBV24-1,TRBJ1-2,9
CIGGSTKQAN,TRBV9,TRBJ2-1,9
CVCHACAICKCRAPCGAHA,TRBV12-3,TRBJ1-2,9
CCCSQNVFWTIEKN,TRBV24-1,TRBJ1-2,9
CCKLTTATKSAHME,TRBV11-2,TRBJ2-5,9
CGCVSLLGV,TRBV24-1,TRBJ1-1,9
CRRTASSCPQANQCNCG,TRBV9,TRBJ1-6,9
CCLIVCSGFEYTARNLP,TRBV12-3,TRBJ1-3,9
CLETSGTITF,TRBV27,TRBJ2-5,9
CTCNRTKGYVISES,TRBV7-2,TRBJ2-1,9
CATDTTCQVAKNFTMCC,TRBV20-1,TRBJ1-5,9
CAACQELHIKFLLSCCS,TRBV11-2,TRBJ2-1,9
CALCKQYAACTVYID,TRBV13-2,TRBJ1-6,9
CCEKGAKSYQCYVH,TRBV5-1,TRBJ1-2,8
CECNNELAFIQVAKLACQ,TRBV29-1,TRBJ1-2,8
CGCGKNRGKGD,TRBV28,TRBJ2-2,8
CSVTKPGKLTCN,TRBV5-1,TRBJ2-7,8
CLASEPPYYYVVSETC,TRBV29-1,TRBJ1-2,8
CYCKNVQCSGGEC,TRBV11-2,TRBJ1-6,8
CTCWGFALGNGSSI,TRBV29-1,TRBJ1-6,8
CSIQSVKRECGDA,TRBV24-1,TRBJ1-2,8
CYYGSYNFCELG,TRBV20-1,TRBJ2-7,8
CIYRGEGDT,TRBV24-1,TRBJ2-1,8
CRIVEQYTTDTALSLEDVR,TRBV12-3,TRBJ2-7,8
CLVMRYNEQGLAFDGDCCI,TRBV20-1,TRBJ1-6,8
CDSESGGMSSKTGT,TRBV12-3,TRBJ1-6,8
CCGRYRLAIDYRLDRLKVCC,TRBV28,TRBJ2-5,8
CPVPLQCPFFLN,TRBV29-1,TRBJ2-3,8
CGTIMSATC,TRBV9,TRBJ1-1,8
CGCIASSSC,TRBV9,TRBJ1-3,8
CLLADGGQRI,TRBV5-1,TRBJ2-7,8
CFILCEAVRCACHI,TRBV11-2,TRBJ2-7,8
CCQQQGQNCLSHNCKKE,TRBV29-1,TRBJ2-7,8
CCCKVIHDFCFKYSCSGLV,TRBV30,TRBJ1-3,8
CGVITCVCVIA,TRBV20-1,TRBJ2-7,8
CFYSFAINICDC,TRBV14,TRBJ2-1,8
CTTDTAECCITLNA,TRBV12-3,TRBJ1-5,8
CYGFCVGCICC,TRBV27,TRBJ2-2,8
CCSACLVVMGASSYEIYERD,TRBV4-1,TRBJ1-6,8
CDDCWQEG,TRBV29-1,TRBJ2-3,8
CANYYPQLCF,TRBV12-3,TRBJ1-3,8
CCQQPGGMTYDCRV,TRBV29-1,TRBJ1-5,8
CLDLHPITHP,TRBV6-5,TRBJ1-3,8
CLLSQVCISLGQLCDNSAQ,TRBV9,TRBJ1-3,8
CLCCKRAL,TRBV29-1,TRBJ1-5,8
CYRLCSYHECAGDC,TRBV12-3,TRBJ2-3,8
CLDVLQSCIAFVAGSCD,TRBV9,TRBJ1-2,8
CDGASQCVSIARLKESQ,TRBV20-1,TRBJ2-3,8
CYAQGTYYGRCCGASSAV,TRBV4-1,TRBJ1-6,8
CEECSSEAC,TRBV30,TRBJ1-6,8
CGTCCNDGLLPV,TRBV7-2,TRBJ1-3,8
CAVICFGQSCMDPE,TRBV20-1,TRBJ2-5,8
CQETFFDIIYAAKCW,TRBV27,TRBJ1-6,8
CKRCIAGV,TRBV30,TRBJ1-5,8
CGSCCCFCKLCCAYAL,TRBV14,TRBJ1-3,8
CNILCSLAS,TRBV14,TRBJ2-5,8
CNGQAESSCTVCKCCACCN,TRBV7-2,TRBJ2-7,8
CVHCCACACALMACYFCTYC,TRBV20-1,TRBJ2-1,8
CFYNEQIYAVVL,TRBV28,TRBJ2-3,7
CCVQVCIAEQAKVIF,TRBV13-2,TRBJ2-7,7
CCYECPIYSCDI,TRBV13-2,TRBJ1-1,7
CCRQATQGELDCRQNPCE,TRBV30,TRBJ1-3,7
CRQYRVAGFNRCELAL,TRBV20-1,TRBJ1-5,7
CVVNLVHVCDIDQCGCC,TRBV27,TRBJ1-3,7
CVYSGGAVG,TRBV6-5,TRBJ1-1,7
CLICSNSF,TRBV29-1,TRBJ1-2,7
CIYRCCCFTRGELWC,TRBV27,TRBJ1-3,7
CLTDTCATCYYT,TRBV20-1,TRBJ2-1,7
CWARLEGLQNASSTLLLAMA,TRBV29-1,TRBJ2-5,7
CVISLMVGCSMTMLCG,TRBV5-1,TRBJ1-6,7
CNPTSTRC,TRBV5-1,TRBJ1-3,7
CHCQVQCYA,TRBV24-1,TRBJ1-2,7
CFIECSFTPETTCEFCN,TRBV9,TRBJ1-5,7
CCLCCTKCFGGRICF,TRBV14,TRBJ1-2,7
CFDRCYGWQLYY,TRBV6-5,TRBJ1-5,7
CGIGCCNGNNVLY,TRBV7-2,TRBJ1-2,7
CCQETQEYICTSDCGFPHM,TRBV14,TRBJ2-1,7
CQNGVTEVAGMSVIG,TRBV28,TRBJ1-6,7
CESKCYAKYNEQITIASLI,TRBV28,TRBJ1-2,7
CQQETQIFC,TRBV24-1,TRBJ1-3,7
CRGLCLKC,TRBV29-1,TRBJ2-3,7
CYFDLCLFSYGTDIGSV,TRBV14,TRBJ2-5,7
CTRSLFVAQTDTVCIG,TRBV7-2,TRBJ1-1,7
CKYLVAGSIVRKKC,TRBV30,TRBJ1-5,7
CHCLHAAYCAMQLPR,TRBV4-1,TRBJ2-7,7
CLVRWCLACC,TRBV5-1,TRBJ2-5,7
CCAQMLYNFASCCIVND,TRBV27,TRBJ2-7,7
CYSRVIYANCRWMEKCAST,TRBV9,TRBJ2-2,7
CVSCIYLFDQLLICA,TRBV20-1,TRBJ2-7,7
CRGFIGCH,TRBV6-5,TRBJ1-2,7
CFTLKEAANDQSVVVLYI,TRBV4-1,TRBJ1-2,7
CPVCCYTYHYANFLCGSK,TRBV13-2,TRBJ2-7,7
CSIKCCSCKCCTCNDKG,TRBV7-2,TRBJ2-7,7
CDMTCRCLYNEQLC,TRBV5-1,TRBJ2-2,7
CCILRTQINSTCSCLC,TRBV20-1,TRBJ2-2,7
CFNDSGGTCNQNTS,TRBV5-1,TRBJ2-1,7
CWLFISMYASSGP,TRBV28,TRBJ1-6,7
CCCKVAGLQARIFYNPVG,TRBV20-1,TRBJ1-1,7
CCECCEGGCLRA,TRBV29-1,TRBJ1-5,7
CCLIMDCEAILAYNYMVTT,TRBV28,TRBJ1-6,7
CFTSCIAQGGC,TRBV11-2,TRBJ1-6,7
CTTQASSMG,TRBV30,TRBJ2-5,6
CMMKSTFTGCYVLSCSCGCL,TRBV7-2,TRBJ1-2,6
CQGLSQAVAGCTK,TRBV20-1,TRBJ2-1,6
CNVGALCCCFTQTKK,TRBV13-2,TRBJ1-2,6
CCYCCTYNEDVVCRNEQQ,TRBV5-1,TRBJ2-7,6
CTSYRMCGCEIEEVAAY,TRBV28,TRBJ1-2,6
CKRCGNLCAWH,TRBV9,TRBJ2-3,6
CQIVVTID,TRBV14,TRBJ1-1,6
CVISNDVCIYSGGLTN,TRBV11-2,TRBJ1-2,6
CACQGVCYNEQGTEI,TRBV6-5,TRBJ1-2,6
CNTVCYNEQDCFRS,TRBV24-1,TRBJ2-1,6
CLLASSNPCSA,TRBV28,TRBJ2-1,6
CMCITLMLQYANFNS,TRBV6-5,TRBJ1-2,6
CGTNNMATECAFCK,TRBV12-3,TRBJ1-3,6
CLSTPGRHKLPV,TRBV12-3,TRBJ2-1,6
CACKGTGSGGCIY,TRBV24-1,TRBJ1-6,6
CCCQETQCDC,TRBV7-2,TRBJ2-1,6
CDPVCFHLCVSGGYAY,TRBV12-3,TRBJ2-1,6
CQFCQKCTQHDCSYNEQAGG,TRBV27,TRBJ2-3,6
CDICQTGTACC,TRBV14,TRBJ1-2,6
CPYCGCCKGDCCCALRF,TRBV24-1,TRBJ2-2,6
CKDVAGCGCCTRFVQAV,TRBV6-5,TRBJ1-2,6
CCFFLVPCCFHSPC,TRBV9,TRBJ2-3,6
CKCILTPLA,TRBV20-1,TRBJ1-5,6
CGSEIHDRGELADL,TRBV13-2,TRBJ2-1,6
CDFNCFKNCNYTHSMRF,TRBV24-1,TRBJ1-3,6
CACNGCATDTAGR,TRBV4-1,TRBJ1-5,6
CNQSSFVVQF,TRBV6-5,TRBJ2-1,6
CFLGGPANKTVHNSC,TRBV4-1,TRBJ1-1,6
CYAKTDSGNTCFCR,TRBV12-3,TRBJ1-3,6
CMMILRLTVTC,TRBV5-1,TRBJ2-7,6
CVVVCIAF,TRBV4-1,TRBJ1-3,6
CACVCITCEAQGRF,TRBV20-1,TRBJ1-3,6
CASILTGAT,TRBV13-2,TRBJ2-5,6
CSVKGPSLKCLLNEYCHV,TRBV6-5,TRBJ2-7,6
CCSGGFPCAELFY,TRBV5-1,TRBJ2-3,6
CQICYARQKDGCCCGLIKC,TRBV11-2,TRBJ1-2,6
CDFIINVALFTLTQ,TRBV28,TRBJ2-7,6
CYFFSMFYKSAGIFLY,TRBV20-1,TRBJ2-7,6
CCATGCISDTKLCFL,TRBV13-2,TRBJ1-1,6
CLDCHSAFCWVYIIHLFICF,TRBV24-1,TRBJ2-5,5
CGSFAQIMCKAVCCC,TRBV13-2,TRBJ2-7,5
CIKSGGSIRCGR,TRBV24-1,TRBJ1-2,5
CFLFSTAICSTGRVPFHTVC,TRBV6-5,TRBJ2-1,5
CYYVCELEQPG,TRBV29-1,TRBJ2-7,5
CACFNPDTTSWCLYYVHSQL,TRBV24-1,TRBJ2-7,5
CYSSGGQIS,TRBV30,TRBJ2-1,5
CRSDKYGK,TRBV12-3,TRBJ1-3,5
CAFSGGKCVY,TRBV5-1,TRBJ2-3,5
CACKYCKCVRVTASSRCSEE,TRBV11-2,TRBJ2-3,5
CLHEYFLFRGHINFILSIF,TRBV29-1,TRBJ2-2,5
CLLHTLVRCYE,TRBV29-1,TRBJ1-2,5
CRCAFCCHRY,TRBV27,TRBJ2-5,5
CLCRCAAECCQDDMGDKVYM,TRBV14,TRBJ1-3,5
CPADVAHALLVCVAGCRMG,TRBV6-5,TRBJ2-2,5
CEAVIVIMGTAILPASLAC,TRBV14,TRBJ2-2,5
CQKADPLREELCLTPCL,TRBV28,TRBJ1-5,5
CPDVAGLRTYQQCF,TRBV28,TRBJ2-7,5
CNCMTDTCSLAPSQF,TRBV7-2,TRBJ1-1,5
CTVYYWTFAANT,TRBV4-1,TRBJ1-5,5
CISTSQTLLATHAC,TRBV14,TRBJ2-3,5
CKFAGVAGINVASTD,TRBV29-1,TRBJ1-1,5
CKACQSCATCVDLRN,TRBV30,TRBJ2-5,5
CTLYNEQTCSC,TRBV9,TRBJ2-2,5
CGCEIRRCHPAEWADSGCTC,TRBV9,TRBJ2-2,5
CIEGELTRCGVFFA,TRBV7-2,TRBJ2-2,5
CCFCEQINTA,TRBV9,TRBJ2-3,5
CVTDTQCAYRGS,TRBV27,TRBJ2-1,5
CCYGCANIE,TRBV24-1,TRBJ2-3,5
CSEWRALAVLGLLDMGTTL,TRBV27,TRBJ1-6,5
CDRCGQETQVV,TRBV9,TRBJ1-6,5
CAYIQETQLYACTCG,TRBV6-5,TRBJ2-7,5
CTITSKHRYDILTCAYLI,TRBV12-3,TRBJ1-3,5
CANKGCDISVEGNTEAKR,TRBV24-1,TRBJ1-5,5
CGTAIEVTLLRSIC,TRBV28,TRBJ2-3,5
CCCSGGTGTYTAWNCGSLQ,TRBV29-1,TRBJ2-7,5
CVDVCCRCISE,TRBV7-2,TRBJ1-2,5
CPSQVSGRACTCV,TRBV6-5,TRBJ1-1,5
CCSCSACIKRD,TRBV7-2,TRBJ2-1,5
CSCCAQGAGGC,TRBV5-1,TRBJ2-1,5
CQCCCIINNYCNCSHRIRC,TRBV12-3,TRBJ1-3,5
CIGRAFLSIPNTTG,TRBV6-5,TRBJ2-3,5
CCYRYHCNC,TRBV27,TRBJ2-2,5
CALAYNEQGACGSVACSL,TRBV9,TRBJ2-7,5
CVGFCGLMCIC,TRBV7-2,TRBJ1-6,5
CIYNEQCINGL,TRBV13-2,TRBJ2-2,5
CGGWIQGDSFGCCTIGK,TRBV27,TRBJ2-5,5
CSIVLRETR,TRBV13-2,TRBJ1-6,5
CTFYNEQQYS,TRBV5-1,TRBJ2-5,4
CLEEGEFRVASTVAGQGV,TRBV27,TRBJ1-6,4
CQLMVAGQAN,TRBV5-1,TRBJ1-2,4
CDVCTQLSITAQLAALL,TRBV30,TRBJ2-2,4
CQCSCTDCWCVYMG,TRBV28,TRBJ2-7,4
CKCEIMIPIGELMA,TRBV7-2,TRBJ2-1,4
CLQETQYHCAT,TRBV29-1,TRBJ1-1,4
CPIIGDSDSVCAVAVLHV,TRBV13-2,TRBJ1-2,4
CGTTCISKVKG,TRBV11-2,TRBJ1-1,4
CCAIINELDTECSTLLFSCT,TRBV6-5,TRBJ2-1,4
CLVCDYNACNECSGCCWVA,TRBV11-2,TRBJ1-6,4
CNKCSCGIGA,TRBV5-1,TRBJ1-2,4
CLATTKTLCCICFFIYK,TRBV27,TRBJ1-2,4
CTNLEERCMAERDDNWCLE,TRBV20-1,TRBJ1-3,4
CCFDDPPMGGICTCSIAVCI,TRBV28,TRBJ2-3,4
CISQLPQCERKSAMQA,TRBV27,TRBJ2-1,4
CECPGKYNFLSQ,TRBV9,TRBJ2-2,4
CFLQSDCFEVCKAC,TRBV7-2,TRBJ2-2,4
CCVTLAVAQVGLFYKNK,TRBV5-1,TRBJ2-5,4
CIAAALLETDTCEICYFL,TRBV30,TRBJ1-5,4
CAVCHDFGASLFPHDA,TRBV30,TRBJ2-7,4
CVSVCISETCLCCCCCN,TRBV24-1,TRBJ1-1,4
CCSNSHFSTGQFQCNH,TRBV30,TRBJ1-5,4
CQGVRCIGSCMSTHLAQGCR,TRBV13-2,TRBJ1-3,4
CGGCICQETQLSCC,TRBV5-1,TRBJ2-3,4
CCGCIDCKHLC,TRBV14,TRBJ1-3,4
CYERCIYY,TRBV29-1,TRBJ1-6,4
CLGELCVQKCLFVLICRGCV,TRBV6-5,TRBJ2-3,4
CPMSPGVAGCSQEGL,TRBV11-2,TRBJ2-7,4
CSGWCCVFQNICR,TRBV9,TRBJ1-3,4
CLASSALWI,TRBV20-1,TRBJ2-5,4
CDTEISVDSDALTIGICP,TRBV30,TRBJ2-7,4
CAVKNLDACGKFVGMRACG,TRBV24-1,TRBJ2-3,4
CTQIPTLSLKQCVLNC,TRBV29-1,TRBJ1-6,4
CVTRFVAGKCEVIVL,TRBV24-1,TRBJ1-6,4
CVIILLIKIQDNILE,TRBV20-1,TRBJ1-6,4
CAVAGTCQRYVTEC,TRBV20-1,TRBJ1-1,4
CYPFIVWCECLFAMISQP,TRBV20-1,TRBJ2-5,4
CSIMRVLLLWYTALWPCSL,TRBV13-2,TRBJ1-1,4
CITDQFFNKL,TRBV30,TRBJ1-2,4
CIGASSFAN,TRBV4-1,TRBJ1-6,4
CIYCYAGSG,TRBV28,TRBJ1-2,4
CRFISLDCF,TRBV24-1,TRBJ2-1,4
CLCSQNQRICAASSACAGV,TRBV24-1,TRBJ2-3,4
CCSATDTLCYFWWSG,TRBV20-1,TRBJ1-2,4
CAVPRDNL,TRBV9,TRBJ1-6,4
CLTKCSQGLLTCVENFVVQC,TRBV29-1,TRBJ2-3,4
CIRALCMCCPRAVLKY,TRBV7-2,TRBJ1-6,4
CLRFLRAGRIPCLNSDST,TRBV4-1,TRBJ1-6,4
CCFHCCACGNEVYVS,TRBV29-1,TRBJ2-2,4
CEEAVCVNIRE,TRBV11-2,TRBJ1-2,4
CPEVFFFCYIIFQCEN,TRBV5-1,TRBJ1-5,4
CFVAGQYGCATS,TRBV27,TRBJ1-1,4
CVCIFQITV,TRBV28,TRBJ1-6,4
CLTCTCRCPTI,TRBV29-1,TRBJ2-3,3
CIIYCICRLADA,TRBV4-1,TRBJ2-1,3
CFINSGICGF,TRBV5-1,TRBJ1-5,3
CTACHEGLLHCCCV,TRBV5-1,TRBJ1-3,3
CSAEIYIRYNEQAYALNC,TRBV30,TRBJ1-2,3
CQLADQCKIFLKERAEISIT,TRBV11-2,TRBJ2-7,3
CEGINASSNHEVC,TRBV12-3,TRBJ2-3,3
CTIYNEQVTEFFKSRDCTD,TRBV29-1,TRBJ2-2,3
CLVPSVYDLSMC,TRBV28,TRBJ2-2,3
CVRCNVNFNFQLTLKYS,TRBV13-2,TRBJ2-7,3
CGQPAVRGGDAC,TRBV28,TRBJ1-3,3
CSGVAGAPFDATF,TRBV24-1,TRBJ2-5,3
CSVGGCHLDGLNKNKFCCA,TRBV9,TRBJ1-3,3
CAVLVRRHTGIE,TRBV6-5,TRBJ1-3,3
CNCSCSRVLCGC,TRBV5-1,TRBJ2-2,3
CSCGAESDNVCAAHGCRT,TRBV27,TRBJ1-6,3
CLETLLSCCEAQ,TRBV30,TRBJ2-2,3
CTFPGLAGEF,TRBV4-1,TRBJ2-3,3
CYCCSDLQCCCKRCTR,TRBV9,TRBJ1-3,3
CWLCGTSLFHHV,TRBV14,TRBJ2-3,3
CFFGAAQPQDQCC,TRBV27,TRBJ1-5,3
CKCMQLCFC,TRBV13-2,TRBJ2-2,3
CETLCNAGSLEQVVKNTICE,TRBV7-2,TRBJ1-5,3
CCCSRTFCNTSVAGLSQY,TRBV6-5,TRBJ1-1,3
CDSVAQETQIAG,TRBV29-1,TRBJ1-5,3
CDKCFKFCCCST,TRBV14,TRBJ2-2,3
CYLHQVRNGSGDCETFCAVH,TRBV27,TRBJ2-2,3
CRFADFATCKADHTSP,TRBV28,TRBJ2-5,3
CESIFRSGCITLG,TRBV11-2,TRBJ2-5,3
CCALMLAGSCSC,TRBV29-1,TRBJ2-3,3
CGGVPVLCTDTTLQTG,TRBV11-2,TRBJ2-2,3
CQYACASV,TRBV13-2,TRBJ1-2,3
CRYETDCGRKAE,TRBV24-1,TRBJ2-1,3
CAAIVECVQLQPDCTLTEPS,TRBV14,TRBJ1-6,3
CIQFGFCF,TRBV29-1,TRBJ1-3,3
CCQAVACC,TRBV28,TRBJ2-1,3
CLVAGCDRS,TRBV12-3,TRBJ2-1,3
CFQRHCMNR,TRBV28,TRBJ2-1,3
CCLTEGEFCLEIAQGSRNA,TRBV29-1,TRBJ1-2,3
CCSDRRCIKDVY,TRBV6-5,TRBJ1-3,3
CCTFIFCSRVF,TRBV12-3,TRBJ2-2,3
CATQYGLICTICACYGKCGG,TRBV28,TRBJ2-1,3
CDTRCTGMP,TRBV9,TRBJ2-3,3
CARSCSIPLVQCNNK,TRBV13-2,TRBJ2-5,3
CKDCAYNEQCQL,TRBV29-1,TRBJ2-1,3
CCHGGRLRFVCATFSCASMT,TRBV9,TRBJ2-5,3
CACLSLLLIAFG,TRBV5-1,TRBJ1-6,3
CDSKNGVTDQ,TRBV20-1,TRBJ1-1,3
CFTWCLGA,TRBV24-1,TRBJ1-2,2
CAWSYGVDGGEPQT,TRBV9,TRBJ1-5,2
CCEGIANFEVV,TRBV14,TRBJ2-5,2
CIAYVNTDTFIDTV,TRBV4-1,TRBJ1-3,2
CIASAGASSASS,TRBV12-3,TRBJ2-7,2
CNGRTCAEEY,TRBV20-1,TRBJ2-1,2
CMQNIGDALRKATET,TRBV13-2,TRBJ1-6,2
CCCTCICTICAD,TRBV7-2,TRBJ1-3,2
CCLSPWCEVSN,TRBV7-2,TRBJ2-5,2
CRFSCNASRQETQLMC,TRBV27,TRBJ2-3,2
CRCPGCFVCMIAWCFE,TRBV14,TRBJ2-2,2
CYMMHCAC,TRBV4-1,TRBJ1-2,2
CQACSLSICNCLAAFDA,TRBV20-1,TRBJ1-2,2
CTCPMDIAAGLAA,TRBV29-1,TRBJ1-5,2
CTECGTVPYFRL,TRBV29-1,TRBJ1-2,2
CVFGYCDTSIRKLYAVT,TRBV29-1,TRBJ1-5,2
CSLCNCYAVAGYNDY,TRBV13-2,TRBJ2-2,2
CCNGFGELQCERI,TRBV9,TRBJ1-5,2
CGQTFMAL,TRBV14,TRBJ2-5,2
CSCGRNDLGGFLPGCYKF,TRBV30,TRBJ1-5,2
CDDHQGYKMACIL,TRBV5-1,TRBJ2-5,2
CACCLLCDNACDKVSGGGGG,TRBV29-1,TRBJ2-2,2
CFFNECDIA,TRBV29-1,TRBJ1-3,2
CYFELAAACSKGIFLE,TRBV11-2,TRBJ2-1,2
CWINCANESCI,TRBV9,TRBJ2-2,2
CNLYTDTACFFINVVW,TRBV4-1,TRBJ2-2,2
CTPAACTCGDV,TRBV14,TRBJ1-3,2
CTIFHCIMAEPCCYRKEAVN,TRBV28,TRBJ2-3,2
CFTCTTLC,TRBV24-1,TRBJ2-5,2
CDGICLVAGSISHTK,TRBV29-1,TRBJ2-3,2
CAFGTCKNEFCLA,TRBV9,TRBJ2-1,2
CTECDVHGCCGKCSCCPI,TRBV29-1,TRBJ1-2,2
CLSICIYIENVFST,TRBV9,TRBJ1-5,2
CDQCAAVAIL,TRBV28,TRBJ1-3,2
CCSCQDSCESIPGGA,TRBV11-2,TRBJ1-3,2
CLMTSATQETQGKS,TRBV30,TRBJ1-5,2
CLACACQQ,TRBV29-1,TRBJ1-1,2
CGLTADKF,TRBV4-1,TRBJ1-2,2
CFCRVSCTASSLLIQGL,TRBV20-1,TRBJ1-6,2
CFCLYCRVCARSV,TRBV30,TRBJ1-3,2
CCGTDKGLHWASSTEIDA,TRBV27,TRBJ1-3,2
CWFKFYDQRE,TRBV14,TRBJ1-2,2
CNSVICYNEQNSLTLC,TRBV11-2,TRBJ1-2,2
CTCLATHFQYIC,TRBV30,TRBJ1-1,2
CIGVEIECESYLITYR,TRBV27,TRBJ2-7,2
CCLFDESGGCGLAC,TRBV24-1,TRBJ2-1,2
CCKKYLTVHW,TRBV24-1,TRBJ1-6,2
CLVAQFWWEQHSLSFEYT,TRBV7-2,TRBJ2-5,2
CMTFQLYSGCTCVSGGRIFS,TRBV12-3,TRBJ1-3,1
CSGKYVQGLL,TRBV27,TRBJ2-7,1
CNESEKAYNYIRC,TRBV6-5,TRBJ2-3,1
CNRKIRASATVCGGCCLTCM,TRBV14,TRBJ2-3,1
CTSASSFYFPGDAKACGA,TRBV13-2,TRBJ2-2,1
CKIQCNSYPFHACKFY,TRBV6-5,TRBJ2-7,1
CDWLYACAAFAQ,TRBV4-1,TRBJ2-3,1
CVLPAIKDYANAGYL,TRBV14,TRBJ2-7,1
CAIRLPAVGRGYG,TRBV28,TRBJ1-1,1
CCIKRCVVR,TRBV5-1,TRBJ2-5,1
CDIRCGVTPDLYVGQATA,TRBV24-1,TRBJ1-1,1
CLIIEIAQWGI,TRBV12-3,TRBJ1-1,1
CAYNEQYTELRR,TRBV7-2,TRBJ2-5,1
CIVALACREAALSDCLRL,TRBV6-5,TRBJ2-3,1
CQDTMCCHLNYA,TRBV27,TRBJ1-3,1
CTCYCIAVKIIACC,TRBV6-5,TRBJ1-3,1
CLSDADCCFAALCGCGDGY,TRBV4-1,TRBJ1-2,1
CWTEHIKGTETGGYISLL,TRBV12-3,TRBJ1-5,1
CDTAPECGGVKC,TRBV5-1,TRBJ1-3,1
CLFSGLIA,TRBV11-2,TRBJ1-1,1
CIEICLLGADCINI,TRBV28,TRBJ2-7,1
CDNCASSSIFDVNCA,TRBV7-2,TRBJ1-1,1
CCASSMADRCSRP,TRBV11-2,TRBJ1-1,1
CFGELCRME,TRBV6-5,TRBJ1-2,1
CIIGGELMSK,TRBV9,TRBJ2-7,1
CKMWKKSVCMQFRYCSNG,TRBV24-1,TRBJ2-5,1
CLRECLDMRAIFII,TRBV11-2,TRBJ1-6,1
CCVAGGCENIMFD,TRBV13-2,TRBJ2-3,1
CCPDYQACAL,TRBV12-3,TRBJ1-5,1
CGSVTCGTIANTMCHDV,TRBV11-2,TRBJ1-1,1
CGAYKICSVKGCSGAFDCFC,TRBV5-1,TRBJ2-7,1
CYCQHSVLAFME,TRBV28,TRBJ2-7,1
CCLRSACAATEV,TRBV4-1,TRBJ1-3,1
CCASCCSTCVQETQMC,TRBV20-1,TRBJ1-1,1
CLVAGLISYCIWASCA,TRBV7-2,TRBJ1-5,1
CAYCYCGTCW,TRBV5-1,TRBJ2-1,1
CFRASSYQL,TRBV28,TRBJ2-5,1
CAIRADWLINRCKGDEA,TRBV30,TRBJ1-1,1
CQRRRCLDIICRF,TRBV11-2,TRBJ1-6,1
CKSRCNSISC,TRBV30,TRBJ2-7,1
CFAHAQFYCYACTRVQIRRV,TRBV30,TRBJ2-2,1
CLVTVDIAECILVSASICC,TRBV20-1,TRBJ2-2,1
CKFKCADDVAFGDRIS,TRBV29-1,TRBJ1-3,1
CQQCSQPYNVEYCKSFIT,TRBV11-2,TRBJ1-2,1
CFCACRMSCLECV,TRBV24-1,TRBJ1-5,1
CSDCKAME,TRBV24-1,TRBJ2-3,1
CTALNCCTLAKECCIF,TRBV20-1,TRBJ1-6,1
CTTDTVHCCVHK,TRBV13-2,TRBJ2-3,1
CAYVVSGGVVC,TRBV13-2,TRBJ1-2,1
CGDQGANFFNECFKGLM,TRBV9,TRBJ1-5,1
